Image Pair,RGB Score,Thermal Score
FLIR0006,0.5,0.7
FLIR0007,0.5,0.5
FLIR0008,0.5,0.7
FLIR0009,0.4,0.9
FLIR0010,0.5,0.7
FLIR0011,0.5,0.5
FLIR0012,0.5,0.7
FLIR0013,0.5,0.7
FLIR0016,0.5,0.7
FLIR0017,0.5,0.8
FLIR0018,0.5,0.4
FLIR0019,0.5,0.7
FLIR0020,0.5,0.6
FLIR0021,0.5,0.7
FLIR0022,0.5,0.7
FLIR0023,0.4,0.6
FLIR0024,0.4,0.4
FLIR0025,0.5,0.6
FLIR0026,0.4,0.5
FLIR0027,0.4,0.7
FLIR0028,0.5,0.7
FLIR0029,0.4,0.5
FLIR0030,0.4,0.7
FLIR0031,0.5,0.5
FLIR0032,0.4,0.7
FLIR0033,0.5,0.7
FLIR0034,0.5,0.5
FLIR0035,0.4,0.5
FLIR0036,0.5,0.5
FLIR0037,0.6,0.5
FLIR0038,0.4,0.5
FLIR0039,0.5,0.6
FLIR0040,0.5,0.8
FLIR0041,0.4,0.4
FLIR0042,0.4,0.5
FLIR0043,0.4,0.8
FLIR0044,0.4,0.7
FLIR0045,0.5,0.7
FLIR0046,0.5,0.7
FLIR0047,0.6,0.8
FLIR0048,0.5,0.9
FLIR0049,0.6,0.7
FLIR0050,0.5,0.7
FLIR0051,0.5,0.5
FLIR0052,0.5,0.9
FLIR0053,0.5,0.7
FLIR0054,0.5,0.7
FLIR0055,0.5,0.7
FLIR0056,0.5,0.7
FLIR0057,0.6,0.7
FLIR0058,0.5,0.7
FLIR0059,0.5,0.7
FLIR0060,0.6,0.9
FLIR0061,0.5,0.7
FLIR0062,0.6,0.7
FLIR0063,0.5,0.4
FLIR0064,0.5,0.7
FLIR0065,0.5,0.7
FLIR0066,0.4,0.7
FLIR0067,0.5,0.7
FLIR0068,0.5,0.6
FLIR0069,0.6,0.7
FLIR0070,0.5,0.7
FLIR0071,0.5,0.7
FLIR0072,0.5,0.7
FLIR0073,0.6,0.9
FLIR0074,0.4,0.9
FLIR0075,0.4,0.7
FLIR0076,0.5,0.7
FLIR0077,0.5,0.7
FLIR0078,0.5,0.7
FLIR0079,0.6,0.8
FLIR0080,0.5,0.7
FLIR0081,0.5,0.7
FLIR0082,0.5,0.7
FLIR0083,0.5,0.6
FLIR0084,0.5,0.7
FLIR0085,0.6,0.8
FLIR0086,0.5,0.8
FLIR0087,0.6,0.7
FLIR0089,0.5,0.5
FLIR0090,0.6,0.6
FLIR0091,0.6,0.5
FLIR0093,0.6,0.7
FLIR0094,0.5,0.6
FLIR0095,0.5,0.7
FLIR0096,0.5,0.6
FLIR0097,0.4,0.7
FLIR0098,0.6,0.4
FLIR0099,0.4,0.8
FLIR0100,0.6,0.4
FLIR0101,0.4,0.7
FLIR0102,0.5,0.8
FLIR0103,0.5,0.6
FLIR0104,0.6,0.7
FLIR0105,0.5,0.8
FLIR0106,0.5,0.7
FLIR0107,0.5,0.7
FLIR0108,0.5,0.7
FLIR0109,0.5,0.5
FLIR0110,0.6,0.7
FLIR0111,0.6,0.7
FLIR0112,0.4,0.9
FLIR0113,0.5,0.7
FLIR0114,0.5,0.5
FLIR0115,0.4,0.7
FLIR0116,0.4,0.7
FLIR0117,0.4,0.7
FLIR0118,0.5,0.7
FLIR0119,0.5,0.7
FLIR0120,0.5,0.7
FLIR0121,0.4,0.4
FLIR0122,0.4,0.6
FLIR0123,0.5,0.5
FLIR0124,0.4,0.5
FLIR0125,0.5,0.6
FLIR0126,0.4,0.4
FLIR0128,0.5,0.7
FLIR0129,0.5,0.6
FLIR0130,0.4,0.6
FLIR0131,0.5,0.6
FLIR0132,0.5,0.7
FLIR0133,0.5,0.7
FLIR0134,0.5,0.7
FLIR0135,0.5,0.7
FLIR0136,0.5,0.8
FLIR0137,0.5,0.4
FLIR0138,0.4,0.6
FLIR0139,0.5,0.4
FLIR0140,0.5,0.5
FLIR0141,0.6,0.6
FLIR0142,0.5,0.7
FLIR0143,0.5,0.8
FLIR0144,0.4,0.7
FLIR0145,0.4,0.8
FLIR0146,0.4,0.7
FLIR0147,0.5,0.7
FLIR0148,0.5,0.7
FLIR0149,0.4,0.8
FLIR0150,0.5,0.7
FLIR0151,0.5,0.7
FLIR0152,0.6,0.7
FLIR0153,0.6,0.7
FLIR0154,0.6,0.7
FLIR0155,0.5,0.7
FLIR0156,0.5,0.7
FLIR0157,0.5,0.7
FLIR0158,0.6,0.7
FLIR0159,0.6,0.7
FLIR0160,0.5,0.7
FLIR0161,0.5,0.7
FLIR0162,0.6,0.9
FLIR0163,0.5,0.7
FLIR0164,0.5,0.7
FLIR0165,0.5,0.7
FLIR0166,0.5,0.7
FLIR0168,0.5,0.7
FLIR0169,0.7,0.7
FLIR0170,0.5,0.7
FLIR0171,0.6,0.7
FLIR0172,0.6,0.6
FLIR0173,0.5,0.7
FLIR0174,0.6,0.7
FLIR0175,0.5,0.8
FLIR0176,0.5,0.7
FLIR0177,0.5,0.7
FLIR0178,0.5,0.7
FLIR0179,0.5,0.7
FLIR0180,0.6,0.7
FLIR0181,0.4,0.7
FLIR0182,0.6,0.7
FLIR0183,0.5,0.7
FLIR0184,0.5,0.7
FLIR0185,0.5,0.7
FLIR0186,0.5,0.5
FLIR0187,0.5,0.7
FLIR0188,0.7,0.7
FLIR0189,0.5,0.9
FLIR0190,0.5,0.7
FLIR0191,0.6,0.5
FLIR0192,0.4,0.7
FLIR0194,0.4,0.8
FLIR0195,0.5,0.7
FLIR0196,0.5,0.7
FLIR0197,0.6,0.7
FLIR0198,0.5,0.7
FLIR0199,0.4,0.8
FLIR0200,0.5,0.7
FLIR0201,0.5,0.7
FLIR0202,0.5,0.4
FLIR0203,0.5,0.7
FLIR0204,0.5,0.7
FLIR0205,0.4,0.7
FLIR0206,0.4,0.7
FLIR0207,0.5,0.6
FLIR0208,0.5,0.7
FLIR0209,0.4,0.7
FLIR0210,0.6,0.6
FLIR0211,0.5,0.8
FLIR0212,0.5,0.7
FLIR0213,0.5,0.6
FLIR0214,0.5,0.7
FLIR0215,0.5,0.7
FLIR0216,0.6,0.9
FLIR0217,0.5,0.7
FLIR0218,0.5,0.7
FLIR0219,0.5,0.7
FLIR0220,0.5,0.7
FLIR0221,0.5,0.9
FLIR0222,0.5,0.5
FLIR0223,0.5,0.7
FLIR0224,0.7,0.7
FLIR0225,0.6,0.7
FLIR0226,0.5,0.6
FLIR0227,0.5,0.7
FLIR0228,0.5,0.7
FLIR0229,0.5,0.8
FLIR0230,0.6,0.8
FLIR0231,0.6,0.7
FLIR0232,0.6,0.6
FLIR0233,0.6,0.7
FLIR0234,0.5,0.7
FLIR0235,0.6,0.8
FLIR0236,0.5,0.7
FLIR0237,0.5,0.6
FLIR0238,0.5,0.7
FLIR0239,0.5,0.7
FLIR0240,0.6,0.9
FLIR0241,0.5,0.7
FLIR0242,0.5,0.7
FLIR0243,0.6,0.9
FLIR0244,0.5,0.7
FLIR0245,0.4,0.7
FLIR0246,0.5,0.7
FLIR0247,0.4,0.7
FLIR0248,0.5,0.4
FLIR0249,0.5,0.7
FLIR0250,0.5,0.6
FLIR0251,0.4,0.4
FLIR0252,0.4,0.4
FLIR0253,0.5,0.4
FLIR0254,0.4,0.6
FLIR0255,0.4,0.5
FLIR0256,0.3,0.4
FLIR0257,0.4,0.7
FLIR0258,0.4,0.4
FLIR0259,0.4,0.7
FLIR0260,0.4,0.4
FLIR0261,0.4,0.4
FLIR0262,0.4,0.5
FLIR0263,0.3,0.4
FLIR0264,0.4,0.5
FLIR0265,0.4,0.6
FLIR0266,0.4,0.4
FLIR0267,0.4,0.4
FLIR0268,0.4,0.7
FLIR0269,0.4,0.9
FLIR0270,0.4,0.7
FLIR0271,0.4,0.4
FLIR0272,0.4,0.5
FLIR0273,0.3,0.6
FLIR0274,0.4,0.4
FLIR0275,0.4,0.5
FLIR0276,0.4,0.4
FLIR0277,0.4,0.4
FLIR0279,0.4,0.4
FLIR0280,0.4,0.5
FLIR0281,0.4,0.4
FLIR0282,0.4,0.4
FLIR0283,0.4,0.5
FLIR0284,0.3,0.4
FLIR0285,0.3,0.7
FLIR0286,0.3,0.5
FLIR0287,0.4,0.4
FLIR0288,0.4,0.6
FLIR0289,0.4,0.4
FLIR0290,0.5,0.4
FLIR0291,0.3,0.4
FLIR0292,0.4,0.6
FLIR0293,0.4,0.7
FLIR0294,0.4,0.4
FLIR0295,0.4,0.6
FLIR0296,0.3,0.7
FLIR0297,0.4,0.6
FLIR0298,0.3,0.6
FLIR0301,0.3,0.7
FLIR0302,0.5,0.7
FLIR0303,0.4,0.8
FLIR0304,0.4,0.5
FLIR0305,0.5,0.6
FLIR0306,0.3,0.5
FLIR0307,0.4,0.7
FLIR0308,0.4,0.5
FLIR0310,0.4,0.4
FLIR0311,0.4,0.5
FLIR0312,0.4,0.5
FLIR0313,0.4,0.4
FLIR0314,0.4,0.7
FLIR0315,0.4,0.4
FLIR0316,0.4,0.7
FLIR0317,0.4,0.5
FLIR0318,0.4,0.4
FLIR0319,0.3,0.5
FLIR0320,0.4,0.7
FLIR0321,0.3,0.7
FLIR0322,0.3,0.7
FLIR0323,0.4,0.4
FLIR0324,0.4,0.5
FLIR0325,0.4,0.6
FLIR0326,0.4,0.6
FLIR0327,0.4,0.4
FLIR0328,0.3,0.5
FLIR0329,0.3,0.5
FLIR0330,0.4,0.5
FLIR0331,0.4,0.4
FLIR0332,0.4,0.5
FLIR0333,0.4,0.7
FLIR0334,0.4,0.4
FLIR0335,0.4,0.5
FLIR0336,0.4,0.8
FLIR0337,0.4,0.4
FLIR0338,0.4,0.4
FLIR0339,0.3,0.5
FLIR0340,0.3,0.5
FLIR0341,0.4,0.6
FLIR0342,0.4,0.5
FLIR0343,0.4,0.6
FLIR0344,0.3,0.5
FLIR0345,0.4,0.6
FLIR0346,0.3,0.4
FLIR0347,0.4,0.4
FLIR0348,0.4,0.4
FLIR0349,0.3,0.4
FLIR0350,0.3,0.4
FLIR0351,0.3,0.4
FLIR0352,0.4,0.4
FLIR0353,0.3,0.5
FLIR0354,0.3,0.7
FLIR0355,0.4,0.5
FLIR0356,0.4,0.7
FLIR0357,0.4,0.7
FLIR0358,0.4,0.4
FLIR0359,0.4,0.6
FLIR0360,0.4,0.6
FLIR0361,0.4,0.7
FLIR0362,0.4,0.5
FLIR0363,0.3,0.7
FLIR0364,0.3,0.7
FLIR0365,0.4,0.6
FLIR0366,0.4,0.5
FLIR0367,0.4,0.5
FLIR0368,0.3,0.7
FLIR0369,0.4,0.7
FLIR0370,0.4,0.7
FLIR0371,0.4,0.7
FLIR0372,0.4,0.7
FLIR0373,0.4,0.4
FLIR0374,0.4,0.7
FLIR0375,0.4,0.6
FLIR0376,0.4,0.7
FLIR0377,0.4,0.7
FLIR0378,0.4,0.7
FLIR0379,0.4,0.7
FLIR0380,0.4,0.7
FLIR0381,0.4,0.6
FLIR0382,0.4,0.5
FLIR0383,0.4,0.7
FLIR0384,0.4,0.5
FLIR0385,0.3,0.7
FLIR0386,0.4,0.7
FLIR0387,0.3,0.7
FLIR0388,0.3,0.7
FLIR0389,0.4,0.8
FLIR0390,0.4,0.5
FLIR0391,0.4,0.5
FLIR0392,0.3,0.4
FLIR0393,0.3,0.4
FLIR0394,0.3,0.4
FLIR0395,0.4,0.4
FLIR0396,0.4,0.4
FLIR0397,0.4,0.7
FLIR0398,0.4,0.6
FLIR0399,0.4,0.5
FLIR0400,0.4,0.4
FLIR0401,0.3,0.4
FLIR0402,0.4,0.6
FLIR0403,0.4,0.7
FLIR0404,0.3,0.7
FLIR0405,0.3,0.7
FLIR0406,0.3,0.5
FLIR0407,0.4,0.5
FLIR0408,0.4,0.7
FLIR0409,0.4,0.5
FLIR0410,0.4,0.7
FLIR0411,0.4,0.7
FLIR0412,0.4,0.7
FLIR0413,0.3,0.6
FLIR0414,0.3,0.3
FLIR0415,0.3,0.9
FLIR0416,0.2,0.7
FLIR0417,0.3,0.4
FLIR0418,0.3,0.7
FLIR0419,0.3,0.7
FLIR0420,0.3,0.8
FLIR0421,0.3,0.8
FLIR0422,0.3,0.8
FLIR0423,0.3,0.7
FLIR0424,0.2,0.7
FLIR0425,0.3,0.7
FLIR0426,0.3,0.5
FLIR0427,0.4,0.4
FLIR0428,0.3,0.7
FLIR0429,0.3,0.7
FLIR0430,0.3,0.7
FLIR0431,0.4,0.7
FLIR0432,0.3,0.7
FLIR0433,0.3,0.5
FLIR0434,0.3,0.7
FLIR0435,0.4,0.5
FLIR0436,0.2,0.4
FLIR0437,0.4,0.5
FLIR0438,0.3,0.5
FLIR0439,0.3,0.6
FLIR0440,0.4,0.6
FLIR0441,0.3,0.5
FLIR0442,0.2,0.5
FLIR0443,0.3,0.7
FLIR0444,0.3,0.5
FLIR0445,0.3,0.5
FLIR0446,0.3,0.5
FLIR0447,0.3,0.4
FLIR0448,0.4,0.4
FLIR0449,0.3,0.4
FLIR0450,0.3,0.4
FLIR0451,0.3,0.4
FLIR0452,0.4,0.5
FLIR0453,0.4,0.5
FLIR0454,0.2,0.4
FLIR0455,0.4,0.7
FLIR0456,0.4,0.4
FLIR0457,0.3,0.4
FLIR0458,0.3,0.4
FLIR0459,0.4,0.4
FLIR0460,0.3,0.5
FLIR0461,0.4,0.5
FLIR0462,0.3,0.5
FLIR0463,0.4,0.6
FLIR0464,0.4,0.5
FLIR0465,0.4,0.5
FLIR0466,0.4,0.5
FLIR0467,0.4,0.5
FLIR0468,0.4,0.6
FLIR0469,0.4,0.7
FLIR0470,0.4,0.8
FLIR0471,0.3,0.7
FLIR0472,0.3,0.4
FLIR0473,0.3,0.4
FLIR0474,0.3,0.5
FLIR0475,0.4,0.4
FLIR0476,0.3,0.4
FLIR0477,0.4,0.4
FLIR0478,0.4,0.7
FLIR0479,0.4,0.7
FLIR0480,0.4,0.6
FLIR0481,0.3,0.7
FLIR0482,0.4,0.4
FLIR0483,0.3,0.6
FLIR0484,0.3,0.7
FLIR0485,0.4,0.5
FLIR0486,0.4,0.6
FLIR0487,0.2,0.4
FLIR0488,0.4,0.7
FLIR0489,0.3,0.7
FLIR0490,0.4,0.5
FLIR0491,0.4,0.7
FLIR0492,0.4,0.5
FLIR0493,0.3,0.5
FLIR0494,0.4,0.5
FLIR0495,0.3,0.4
FLIR0496,0.3,0.6
FLIR0497,0.4,0.7
FLIR0498,0.3,0.6
FLIR0499,0.3,0.5
FLIR0500,0.3,0.7
FLIR0501,0.2,0.5
FLIR0502,0.2,0.4
FLIR0503,0.3,0.5
FLIR0504,0.2,0.4
FLIR0505,0.3,0.6
FLIR0506,0.3,0.4
FLIR0507,0.3,0.4
FLIR0508,0.2,0.4
FLIR0509,0.2,0.4
FLIR0510,0.2,0.4
FLIR0511,0.2,0.5
FLIR0512,0.2,0.3
FLIR0513,0.2,0.4
FLIR0514,0.2,0.3
FLIR0515,0.3,0.4
FLIR0516,0.3,0.4
FLIR0517,0.3,0.4
FLIR0518,0.3,0.4
FLIR0519,0.3,0.4
FLIR0520,0.2,0.4
FLIR0521,0.3,0.7
FLIR0522,0.3,0.6
FLIR0523,0.2,0.4
FLIR0524,0.2,0.4
FLIR0525,0.3,0.4
FLIR0526,0.3,0.7
FLIR0527,0.2,0.4
FLIR0528,0.3,0.7
FLIR0529,0.3,0.7
FLIR0530,0.3,0.5
FLIR0531,0.3,0.6
FLIR0532,0.3,0.7
FLIR0533,0.2,0.4
FLIR0534,0.3,0.4
FLIR0535,0.3,0.5
FLIR0536,0.3,0.6
FLIR0537,0.2,0.5
FLIR0538,0.2,0.4
FLIR0539,0.2,0.4
FLIR0540,0.3,0.4
FLIR0541,0.3,0.4
FLIR0542,0.2,0.3
FLIR0543,0.3,0.4
FLIR0544,0.3,0.4
FLIR0545,0.3,0.2
FLIR0546,0.3,0.4
FLIR0547,0.3,0.4
FLIR0548,0.3,0.4
FLIR0549,0.3,0.4
FLIR0550,0.3,0.4
FLIR0551,0.4,0.4
FLIR0552,0.3,0.5
FLIR0553,0.2,0.4
FLIR0554,0.3,0.4
FLIR0555,0.4,0.4
FLIR0556,0.3,0.5
FLIR0557,0.3,0.4
FLIR0559,0.3,0.4
FLIR0560,0.2,0.4
FLIR0561,0.3,0.4
FLIR0562,0.3,0.4
FLIR0563,0.3,0.4
FLIR0564,0.2,0.4
FLIR0565,0.2,0.4
FLIR0566,0.2,0.4
FLIR0567,0.3,0.4
FLIR0568,0.3,0.4
FLIR0569,0.3,0.4
FLIR0570,0.3,0.4
FLIR0571,0.3,0.5
FLIR0572,0.3,0.4
FLIR0573,0.3,0.5
FLIR0574,0.3,0.4
FLIR0575,0.3,0.4
FLIR0576,0.3,0.4
FLIR0577,0.2,0.4
FLIR0578,0.3,0.4
FLIR0579,0.2,0.3
FLIR0580,0.2,0.4
FLIR0581,0.3,0.4
FLIR0582,0.2,0.4
FLIR0583,0.2,0.4
FLIR0584,0.3,0.4
FLIR0585,0.3,0.4
FLIR0586,0.3,0.4
FLIR0587,0.3,0.3
FLIR0588,0.3,0.4
FLIR0589,0.3,0.4
FLIR0590,0.3,0.4
FLIR0591,0.3,0.4
FLIR0592,0.2,0.3
FLIR0593,0.2,0.3
FLIR0594,0.3,0.4
FLIR0595,0.3,0.4
FLIR0596,0.3,0.4
FLIR0597,0.2,0.4
FLIR0598,0.2,0.4
FLIR0599,0.2,0.4
FLIR0600,0.2,0.4
FLIR0601,0.2,0.4
FLIR0602,0.2,0.4
FLIR0603,0.3,0.4
FLIR0604,0.2,0.4
FLIR0605,0.3,0.4
FLIR0606,0.3,0.4
FLIR0607,0.2,0.4
FLIR0608,0.2,0.4
FLIR0609,0.2,0.5
FLIR0610,0.2,0.5
FLIR0611,0.3,0.4
FLIR0612,0.3,0.4
FLIR0613,0.3,0.4
FLIR0614,0.2,0.4
FLIR0615,0.3,0.4
FLIR0616,0.3,0.4
FLIR0617,0.3,0.4
FLIR0618,0.3,0.4
FLIR0619,0.2,0.4
FLIR0620,0.2,0.5
FLIR0621,0.2,0.5
FLIR0622,0.2,0.4
FLIR0623,0.2,0.4
FLIR0624,0.2,0.4
FLIR0625,0.2,0.5
FLIR0626,0.2,0.4
FLIR0627,0.2,0.4
FLIR0628,0.2,0.4
FLIR0629,0.2,0.4
FLIR0630,0.2,0.3
FLIR0631,0.3,0.5
FLIR0632,0.2,0.5
FLIR0633,0.2,0.4
FLIR0635,0.2,0.4
FLIR0636,0.3,0.4
FLIR0637,0.3,0.5
FLIR0638,0.2,0.3
FLIR0639,0.2,0.4
FLIR0640,0.2,0.4
FLIR0641,0.3,0.4
FLIR0642,0.3,0.4
FLIR0643,0.2,0.4
FLIR0644,0.2,0.5
FLIR0645,0.3,0.3
FLIR0646,0.3,0.4
FLIR0647,0.3,0.4
FLIR0648,0.3,0.4
FLIR0649,0.3,0.4
FLIR0650,0.2,0.3
FLIR0651,0.2,0.3
FLIR0652,0.2,0.5
FLIR0653,0.2,0.4
FLIR0654,0.2,0.3
FLIR0655,0.2,0.4
FLIR0656,0.2,0.4
FLIR0657,0.2,0.4
FLIR0658,0.2,0.3
FLIR0659,0.2,0.4
FLIR0660,0.2,0.4
FLIR0661,0.2,0.4
FLIR0662,0.2,0.4
FLIR0663,0.2,0.4
FLIR0664,0.2,0.4
FLIR0665,0.2,0.3
FLIR0666,0.2,0.4
FLIR0667,0.2,0.4
FLIR0668,0.2,0.4
FLIR0669,0.2,0.4
FLIR0670,0.3,0.4
FLIR0671,0.2,0.4
FLIR0672,0.2,0.4
FLIR0673,0.2,0.4
FLIR0674,0.2,0.4
FLIR0675,0.2,0.4
FLIR0676,0.2,0.4
FLIR0677,0.2,0.3
FLIR0678,0.2,0.4
FLIR0679,0.2,0.3
FLIR0680,0.2,0.3
FLIR0681,0.2,0.4
FLIR0682,0.2,0.3
FLIR0683,0.3,0.4
FLIR0684,0.2,0.3
FLIR0685,0.2,0.4
FLIR0686,0.2,0.5
FLIR0687,0.2,0.4
FLIR0688,0.2,0.4
FLIR0689,0.2,0.4
FLIR0690,0.2,0.4
FLIR0691,0.2,0.5
FLIR0692,0.2,0.5
FLIR0693,0.2,0.6
FLIR0694,0.2,0.4
FLIR0695,0.2,0.6
FLIR0696,0.2,0.5
FLIR0697,0.2,0.5
FLIR0698,0.2,0.4
FLIR0699,0.2,0.4
FLIR0700,0.2,0.4
FLIR0701,0.2,0.4
FLIR0702,0.2,0.4
FLIR0703,0.2,0.4
FLIR0704,0.2,0.4
FLIR0705,0.2,0.4
FLIR0706,0.2,0.5
FLIR0707,0.2,0.4
FLIR0708,0.2,0.5
FLIR0709,0.2,0.3
FLIR0710,0.1,0.2
FLIR0711,0.2,0.4
FLIR0712,0.2,0.4
FLIR0713,0.2,0.3
FLIR0714,0.2,0.6
FLIR0715,0.2,0.3
FLIR0716,0.2,0.4
FLIR0717,0.2,0.6
FLIR0718,0.2,0.3
FLIR0719,0.2,0.4
FLIR0720,0.2,0.3
FLIR0721,0.3,0.3
FLIR0722,0.2,0.3
FLIR0723,0.2,0.3
FLIR0724,0.2,0.4
FLIR0725,0.2,0.4
FLIR0726,0.2,0.3
FLIR0727,0.2,0.4
FLIR0728,0.2,0.3
FLIR0729,0.2,0.4
FLIR0730,0.2,0.4
FLIR0731,0.2,0.4
FLIR0732,0.2,0.4
FLIR0733,0.2,0.4
FLIR0734,0.2,0.4
FLIR0735,0.2,0.4
FLIR0736,0.2,0.4
FLIR0737,0.2,0.5
FLIR0738,0.2,0.4
FLIR0739,0.2,0.5
FLIR0740,0.2,0.3
FLIR0741,0.2,0.4
FLIR0742,0.2,0.6
FLIR0743,0.2,0.6
FLIR0744,0.2,0.4
FLIR0745,0.3,0.4
FLIR0746,0.2,0.4
FLIR0747,0.2,0.4
FLIR0748,0.2,0.4
FLIR0749,0.2,0.4
FLIR0750,0.2,0.4
FLIR0751,0.2,0.4
FLIR0752,0.2,0.3
FLIR0753,0.2,0.4
FLIR0754,0.3,0.3
FLIR0755,0.3,0.6
FLIR0756,0.2,0.3
FLIR0757,0.2,0.4
FLIR0758,0.2,0.9
FLIR0759,0.2,1.0
FLIR0760,0.3,0.6
FLIR0761,0.2,0.4
FLIR0762,0.2,0.4
FLIR0763,0.2,0.4
FLIR0764,0.2,0.4
FLIR0765,0.2,0.4
FLIR0766,0.2,0.3
FLIR0767,0.2,0.4
FLIR0768,0.2,0.4
FLIR0769,0.2,0.4
FLIR0770,0.2,0.4
FLIR0771,0.3,0.4
FLIR0772,0.2,0.3
FLIR0773,0.2,0.4
FLIR0774,0.3,0.4
FLIR0775,0.2,0.4
FLIR0776,0.2,0.4
FLIR0777,0.2,0.4
FLIR0778,0.2,0.5
FLIR0779,0.2,0.4
FLIR0780,0.3,0.7
FLIR0781,0.2,0.7
FLIR0782,0.2,0.5
FLIR0783,0.2,0.3
FLIR0784,0.2,0.4
FLIR0785,0.2,0.4
FLIR0786,0.2,0.4
FLIR0787,0.2,0.4
FLIR0788,0.2,0.3
FLIR0789,0.2,0.5
FLIR0790,0.2,0.4
FLIR0791,0.2,0.4
FLIR0792,0.2,0.2
FLIR0793,0.2,0.4
FLIR0794,0.2,0.4
FLIR0795,0.2,0.4
FLIR0796,0.2,0.4
FLIR0797,0.2,0.4
FLIR0798,0.2,0.3
FLIR0799,0.2,0.3
FLIR0800,0.2,0.4
FLIR0801,0.2,0.4
FLIR0802,0.2,0.3
FLIR0803,0.2,0.4
FLIR0804,0.2,0.4
FLIR0805,0.2,0.4
FLIR0806,0.2,0.4
FLIR0807,0.2,0.3
FLIR0808,0.2,0.4
FLIR0809,0.2,0.4
FLIR0810,0.2,0.4
FLIR0811,0.3,0.4
FLIR0812,0.2,0.4
FLIR0813,0.2,0.3
FLIR0814,0.2,0.4
FLIR0815,0.3,0.4
FLIR0816,0.2,0.4
FLIR0817,0.2,0.4
FLIR0818,0.2,0.4
FLIR0819,0.2,0.3
FLIR0820,0.2,0.4
FLIR0821,0.2,0.4
FLIR0822,0.2,0.4
FLIR0823,0.2,0.4
FLIR0824,0.2,0.3
FLIR0825,0.2,0.4
FLIR0826,0.2,0.3
FLIR0827,0.2,0.4
FLIR0828,0.2,0.4
FLIR0829,0.2,0.3
FLIR0830,0.2,0.4
FLIR0831,0.2,0.4
FLIR0832,0.2,0.5
FLIR0833,0.2,0.4
FLIR0834,0.2,0.4
FLIR0835,0.2,0.4
FLIR0836,0.2,0.4
FLIR0837,0.2,0.4
FLIR0838,0.2,0.4
FLIR0839,0.3,0.4
FLIR0840,0.3,0.4
FLIR0841,0.2,0.4
FLIR0842,0.3,0.4
FLIR0843,0.2,0.3
FLIR0844,0.2,0.4
FLIR0845,0.2,0.3
FLIR0846,0.2,0.4
FLIR0847,0.2,0.4
FLIR0848,0.2,0.3
FLIR0849,0.2,0.4
FLIR0850,0.2,0.3
FLIR0851,0.2,0.4
FLIR0852,0.2,0.4
FLIR0853,0.2,0.4
FLIR0854,0.2,0.4
FLIR0855,0.2,0.4
FLIR0856,0.2,0.5
FLIR0857,0.2,0.4
FLIR0858,0.2,0.4
FLIR0859,0.2,0.3
FLIR0860,0.2,0.4
FLIR0861,0.2,0.4
FLIR0862,0.2,0.3
FLIR0863,0.2,0.4
FLIR0864,0.2,0.4
FLIR0865,0.2,0.4
FLIR0866,0.2,0.4
FLIR0867,0.2,0.4
FLIR0868,0.2,0.7
FLIR0869,0.2,0.6
FLIR0870,0.2,0.7
FLIR0871,0.2,0.4
FLIR0872,0.2,0.3
FLIR0873,0.2,0.5
FLIR0874,0.2,0.4
FLIR0875,0.2,0.3
FLIR0876,0.2,0.3
FLIR0877,0.2,0.3
FLIR0878,0.2,0.4
FLIR0879,0.2,0.4
FLIR0880,0.2,0.4
FLIR0881,0.2,0.4
FLIR0882,0.2,0.4
FLIR0883,0.2,0.4
FLIR0884,0.2,0.4
FLIR0885,0.2,0.4
FLIR0886,0.2,0.3
FLIR0887,0.2,0.3
FLIR0889,0.2,0.4
FLIR0890,0.2,0.4
FLIR0891,0.2,0.4
FLIR0892,0.2,0.4
FLIR0893,0.2,0.3
FLIR0894,0.2,0.4
FLIR0895,0.2,0.2
FLIR0896,0.2,0.4
FLIR0897,0.2,0.4
FLIR0898,0.2,0.3
FLIR0899,0.2,0.4
FLIR0900,0.2,0.4
FLIR0901,0.2,0.4
FLIR0902,0.2,0.4
FLIR0903,0.3,0.4
FLIR0904,0.2,0.4
FLIR0905,0.2,0.5
FLIR0906,0.2,0.3
FLIR0907,0.2,0.2
FLIR0908,0.2,0.4
FLIR0909,0.2,0.5
FLIR0910,0.2,0.4
FLIR0911,0.2,0.4
FLIR0912,0.2,0.4
FLIR0913,0.2,0.3
FLIR0914,0.2,0.4
FLIR0915,0.2,0.5
FLIR0916,0.2,0.4
FLIR0917,0.2,0.4
FLIR0918,0.2,0.4
FLIR0919,0.2,0.4
FLIR0920,0.2,0.5
FLIR0921,0.2,0.4
FLIR0922,0.2,0.4
FLIR0923,0.2,0.4
FLIR0924,0.2,0.4
FLIR0925,0.2,0.4
FLIR0926,0.2,0.4
FLIR0927,0.3,0.5
FLIR0928,0.3,0.5
FLIR0929,0.2,0.4
FLIR0930,0.2,0.4
FLIR0931,0.2,0.4
FLIR0932,0.2,0.4
FLIR0933,0.2,0.4
FLIR0934,0.3,0.4
FLIR0935,0.3,0.4
FLIR0936,0.2,0.5
FLIR0937,0.2,0.4
FLIR0938,0.2,0.4
FLIR0939,0.2,0.4
FLIR0940,0.2,0.3
FLIR0941,0.2,0.4
FLIR0942,0.2,0.5
FLIR0943,0.2,0.4
FLIR0944,0.2,0.4
FLIR0945,0.2,0.4
FLIR0946,0.2,0.4
FLIR0947,0.2,0.3
FLIR0948,0.2,0.4
FLIR0949,0.2,0.4
FLIR0950,0.2,0.5
FLIR0951,0.2,0.5
FLIR0952,0.2,0.4
FLIR0953,0.2,0.5
FLIR0954,0.2,0.4
FLIR0955,0.2,0.5
FLIR0956,0.2,0.5
FLIR0957,0.2,0.4
FLIR0958,0.2,0.4
FLIR0959,0.2,0.5
FLIR0960,0.2,0.3
FLIR0961,0.3,0.4
FLIR0962,0.3,0.4
FLIR0963,0.2,0.4
FLIR0964,0.3,0.3
FLIR0965,0.3,0.4
FLIR0966,0.2,0.4
FLIR0967,0.2,0.4
FLIR0968,0.2,0.4
FLIR0969,0.2,0.4
FLIR0970,0.2,0.3
FLIR0971,0.2,0.3
FLIR0972,0.3,0.3
FLIR0973,0.3,0.4
FLIR0974,0.2,0.3
FLIR0975,0.3,0.4
FLIR0976,0.2,0.3
FLIR0977,0.3,0.3
FLIR0978,0.2,0.3
FLIR0979,0.2,0.4
FLIR0980,0.2,0.4
FLIR0981,0.2,0.4
FLIR0982,0.2,0.4
FLIR0983,0.2,0.6
FLIR0984,0.2,0.6
FLIR0985,0.2,0.4
FLIR0986,0.2,0.3
FLIR0987,0.2,0.5
FLIR0988,0.3,0.4
FLIR0989,0.2,0.4
FLIR0990,0.3,0.4
FLIR0991,0.2,0.3
FLIR0992,0.2,0.4
FLIR0993,0.2,0.5
FLIR0994,0.2,0.5
FLIR0995,0.2,0.7
FLIR0996,0.2,0.3
FLIR0997,0.3,0.3
FLIR0998,0.2,0.3
FLIR0999,0.2,0.4
FLIR1000,0.2,0.4
FLIR1001,0.2,0.4
FLIR1002,0.2,0.3
FLIR1003,0.2,0.4
FLIR1004,0.2,0.4
FLIR1005,0.2,0.4
FLIR1006,0.2,0.4
FLIR1007,0.2,0.4
FLIR1008,0.2,0.4
FLIR1009,0.2,0.4
FLIR1010,0.2,0.4
FLIR1011,0.2,0.3
FLIR1012,0.2,0.4
FLIR1013,0.2,0.3
FLIR1014,0.2,0.3
FLIR1015,0.2,0.4
FLIR1016,0.2,0.4
FLIR1017,0.2,0.3
FLIR1018,0.2,0.4
FLIR1019,0.2,0.3
FLIR1020,0.2,0.4
FLIR1021,0.2,0.4
FLIR1022,0.2,0.3
FLIR1023,0.2,0.4
FLIR1024,0.2,0.5
FLIR1025,0.2,0.4
FLIR1026,0.2,0.4
FLIR1027,0.2,0.7
FLIR1028,0.2,0.4
FLIR1029,0.2,0.4
FLIR1030,0.2,0.4
FLIR1031,0.2,0.5
FLIR1032,0.2,0.3
FLIR1033,0.2,0.4
FLIR1034,0.2,0.4
FLIR1035,0.2,0.4
FLIR1036,0.2,0.4
FLIR1037,0.2,0.7
FLIR1038,0.2,0.4
FLIR1039,0.2,0.4
FLIR1040,0.2,0.4
FLIR1041,0.2,0.4
FLIR1042,0.2,0.3
FLIR1043,0.2,0.3
FLIR1044,0.2,0.3
FLIR1045,0.2,0.4
FLIR1046,0.2,0.3
FLIR1047,0.2,0.4
FLIR1048,0.2,0.3
FLIR1049,0.2,0.4
FLIR1050,0.2,0.4
FLIR1051,0.2,0.4
FLIR1052,0.2,0.2
FLIR1053,0.2,0.3
FLIR1054,0.2,0.4
FLIR1055,0.2,0.4
FLIR1056,0.2,0.4
FLIR1057,0.2,0.3
FLIR1058,0.2,0.4
FLIR1059,0.2,0.4
FLIR1060,0.2,0.3
FLIR1061,0.2,0.4
FLIR1062,0.2,0.4
FLIR1063,0.2,0.3
FLIR1064,0.3,0.4
FLIR1065,0.2,0.2
FLIR1066,0.2,0.4
FLIR1067,0.2,0.4
FLIR1068,0.2,0.4
FLIR1069,0.2,0.4
FLIR1133,0.2,0.4
FLIR1135,0.3,0.4
FLIR1137,0.2,0.4
FLIR1139,0.2,0.4
FLIR1141,0.2,0.4
FLIR1143,0.3,0.4
FLIR1145,0.2,0.4
FLIR1147,0.4,0.5
FLIR1149,0.3,0.4
FLIR1151,0.3,0.4
FLIR1153,0.2,0.4
FLIR1155,0.3,0.5
FLIR1157,0.4,0.4
FLIR1159,0.3,0.4
FLIR1161,0.3,0.4
FLIR1167,0.3,0.4
FLIR1169,0.2,0.4
FLIR1171,0.3,0.4
FLIR1173,0.2,0.4
FLIR1175,0.3,0.4
FLIR1177,0.2,0.4
FLIR1179,0.3,0.4
FLIR1181,0.3,0.4
FLIR1183,0.3,0.4
FLIR1185,0.2,0.4
FLIR1187,0.3,0.3
FLIR1189,0.3,0.4
FLIR1191,0.3,0.5
FLIR1193,0.2,0.4
FLIR1195,0.3,0.4
FLIR1197,0.2,0.4
FLIR1199,0.3,0.5
FLIR1201,0.3,0.4
FLIR1203,0.2,0.4
FLIR1205,0.2,0.4
FLIR1207,0.2,0.4
FLIR1211,0.3,0.3
FLIR1215,0.3,0.5
FLIR1217,0.2,0.4
FLIR1221,0.3,0.4
FLIR1223,0.3,0.4
FLIR1225,0.3,0.4
FLIR1227,0.2,0.4
FLIR1229,0.2,0.3
FLIR1235,0.2,0.4
FLIR1237,0.2,0.4
FLIR1239,0.3,0.4
FLIR1305,0.3,0.4
FLIR1307,0.2,0.4
FLIR1461,0.2,0.4
FLIR1463,0.2,0.4
FLIR1465,0.2,0.4
FLIR1467,0.2,0.5
FLIR1469,0.2,0.4
FLIR1471,0.2,0.4
FLIR1473,0.2,0.4
FLIR1525,0.2,0.4
FLIR1527,0.2,0.4
FLIR1529,0.2,0.4
FLIR1531,0.2,0.5
FLIR1533,0.2,0.4
FLIR1535,0.2,0.4
FLIR1537,0.2,0.4
FLIR1539,0.2,0.4
FLIR1541,0.2,0.4
FLIR1543,0.2,0.5
FLIR1545,0.2,0.4
FLIR1547,0.2,0.4
FLIR1549,0.2,0.3
FLIR1551,0.2,0.4
FLIR1553,0.2,0.4
FLIR1555,0.2,0.5
FLIR1557,0.2,0.4
FLIR1559,0.2,0.4
FLIR1561,0.2,0.4
FLIR1563,0.2,0.4
FLIR1565,0.2,0.4
FLIR1567,0.2,0.4
FLIR1569,0.2,0.5
FLIR1571,0.2,0.4
FLIR1573,0.2,0.4
FLIR1575,0.2,0.4
FLIR1577,0.2,0.3
FLIR1579,0.2,0.4
FLIR1581,0.2,0.5
FLIR1583,0.2,0.4
FLIR1585,0.2,0.4
FLIR1587,0.2,0.4
FLIR1589,0.2,0.4
FLIR1591,0.2,0.4
FLIR1593,0.2,0.5
FLIR1595,0.2,0.4
FLIR1597,0.2,0.4
FLIR1599,0.2,0.4
FLIR1601,0.2,0.4
FLIR1603,0.2,0.5
FLIR1605,0.2,0.5
FLIR1607,0.2,0.4
FLIR1609,0.2,0.4
FLIR1611,0.3,0.4
FLIR1613,0.2,0.6
FLIR1615,0.2,0.5
FLIR1617,0.2,0.4
FLIR1619,0.2,0.4
FLIR1621,0.2,0.4
FLIR1623,0.2,0.4
FLIR1625,0.2,0.4
FLIR1627,0.2,0.4
FLIR1629,0.2,0.4
FLIR1631,0.2,0.4
FLIR1633,0.2,0.4
FLIR1635,0.2,0.4
FLIR1637,0.2,0.4
FLIR1639,0.2,0.4
FLIR1641,0.2,0.4
FLIR1643,0.2,0.4
FLIR1645,0.2,0.4
FLIR1647,0.2,0.5
FLIR1649,0.2,0.4
FLIR1651,0.2,0.3
FLIR1653,0.2,0.4
FLIR1655,0.3,0.4
FLIR1657,0.2,0.5
FLIR1659,0.2,0.5
FLIR1661,0.2,0.3
FLIR1663,0.2,0.4
FLIR1665,0.2,0.4
FLIR1667,0.2,0.4
FLIR1669,0.2,0.5
FLIR1671,0.2,0.5
FLIR1799,0.4,0.7
FLIR1801,0.4,0.4
FLIR1803,0.4,0.5
FLIR1805,0.4,0.6
FLIR1807,0.4,0.7
FLIR1809,0.4,0.7
FLIR1811,0.4,0.4
FLIR1813,0.4,0.7
FLIR1815,0.5,0.7
FLIR1817,0.4,0.7
FLIR1819,0.5,0.5
FLIR1821,0.4,0.4
FLIR1823,0.4,0.4
FLIR1825,0.4,0.7
FLIR1827,0.4,0.7
FLIR1829,0.4,0.4
FLIR1831,0.4,0.5
FLIR1833,0.4,0.6
FLIR1835,0.5,0.7
FLIR1837,0.5,0.5
FLIR1839,0.4,0.4
FLIR1841,0.4,0.4
FLIR1843,0.4,0.6
FLIR1845,0.5,0.7
FLIR1847,0.4,0.6
FLIR1849,0.4,0.5
FLIR1851,0.5,0.6
FLIR1853,0.4,0.4
FLIR1855,0.4,0.5
FLIR1857,0.5,0.6
FLIR1859,0.5,0.7
FLIR1861,0.5,0.5
FLIR1863,0.4,0.7
FLIR1865,0.6,0.4
FLIR1867,0.5,0.5
FLIR1869,0.6,0.7
FLIR1871,0.4,0.7
FLIR1873,0.4,0.4
FLIR1875,0.4,0.7
FLIR1877,0.4,0.6
FLIR1879,0.4,0.4
FLIR1881,0.4,0.4
FLIR1883,0.4,0.7
FLIR1885,0.4,0.5
FLIR1887,0.6,0.7
FLIR1889,0.4,0.7
FLIR1891,0.4,0.7
FLIR1893,0.4,0.7
FLIR1895,0.4,0.6
FLIR1897,0.4,0.7
FLIR1899,0.4,0.4
FLIR1901,0.4,0.4
FLIR1903,0.4,0.7
FLIR1905,0.3,0.5
FLIR1907,0.4,0.7
FLIR1909,0.4,0.7
FLIR1911,0.5,0.7
FLIR1913,0.4,0.6
FLIR1915,0.5,0.7
FLIR1917,0.3,0.4
FLIR1919,0.4,0.6
FLIR1921,0.4,0.6
FLIR1923,0.4,0.7
FLIR1925,0.4,0.6
FLIR1927,0.4,0.5
FLIR1929,0.4,0.6
FLIR1931,0.4,0.6
FLIR1933,0.3,0.4
FLIR1935,0.3,0.4
FLIR1937,0.3,0.8
FLIR1939,0.5,0.6
FLIR1941,0.4,0.6
FLIR1943,0.4,0.6
FLIR1945,0.4,0.7
FLIR1947,0.5,0.5
FLIR1949,0.5,0.5
FLIR1951,0.4,0.4
FLIR1953,0.5,0.6
FLIR1955,0.4,0.4
FLIR1957,0.6,0.4
FLIR1959,0.4,0.7
FLIR1961,0.4,0.4
FLIR1963,0.5,0.4
FLIR1965,0.4,0.4
FLIR1967,0.5,0.5
FLIR1969,0.3,0.4
FLIR1971,0.4,0.4
FLIR1973,0.4,0.9
FLIR1975,0.3,0.7
FLIR1977,0.4,0.7
FLIR1979,0.5,0.7
FLIR1981,0.4,0.5
FLIR1983,0.4,0.4
FLIR1985,0.2,0.4
FLIR1987,0.4,0.7
FLIR1989,0.4,0.4
FLIR1991,0.4,0.4
FLIR1993,0.4,0.6
FLIR1995,0.4,0.6
FLIR1997,0.5,0.7
FLIR1999,0.4,0.5
FLIR2001,0.4,0.4
FLIR2003,0.5,0.7
FLIR2005,0.4,0.4
FLIR2007,0.4,0.5
FLIR2009,0.4,0.6
FLIR2011,0.4,0.4
FLIR2013,0.4,0.6
FLIR2015,0.3,0.7
FLIR2017,0.3,0.7
FLIR2019,0.4,0.6
FLIR2021,0.4,0.9
FLIR2023,0.4,0.7
FLIR2025,0.4,0.4
FLIR2027,0.4,0.6
FLIR2029,0.4,0.7
FLIR2031,0.6,0.6
FLIR2033,0.5,0.8
FLIR2035,0.5,0.5
FLIR2037,0.4,0.7
FLIR2039,0.4,0.7
FLIR2041,0.4,0.5
FLIR2043,0.4,0.6
FLIR2045,0.4,0.4
FLIR2047,0.4,0.6
FLIR2049,0.3,0.4
FLIR2051,0.4,0.6
FLIR2053,0.5,0.6
FLIR2055,0.4,0.7
FLIR2057,0.4,0.9
FLIR2059,0.4,0.6
FLIR2061,0.4,0.8
FLIR2063,0.4,0.5
FLIR2065,0.4,0.6
FLIR2067,0.4,0.7
FLIR2069,0.4,0.7
FLIR2071,0.4,0.7
FLIR2073,0.4,0.7
FLIR2075,0.4,0.5
FLIR2079,0.4,0.5
FLIR2081,0.5,0.4
FLIR2083,0.4,0.4
FLIR2085,0.4,0.6
FLIR2087,0.4,0.5
FLIR2089,0.4,0.7
FLIR2091,0.4,0.6
FLIR2093,0.5,0.7
FLIR2095,0.2,0.5
FLIR2097,0.4,0.4
FLIR2099,0.4,0.6
FLIR2101,0.5,0.7
FLIR2103,0.6,0.6
FLIR2105,0.4,0.5
FLIR2107,0.4,0.4
FLIR2109,0.4,0.4
FLIR2111,0.5,0.5
FLIR2113,0.5,0.6
FLIR2115,0.5,0.4
FLIR2117,0.4,0.4
FLIR2123,0.4,0.4
FLIR2125,0.4,0.5
FLIR2127,0.4,0.6
FLIR2129,0.4,0.4
FLIR2131,0.4,0.7
FLIR2133,0.4,0.4
FLIR2135,0.4,0.4
FLIR2137,0.4,0.7
FLIR2139,0.4,0.7
FLIR2141,0.5,0.5
FLIR2143,0.5,0.5
FLIR2145,0.4,0.5
FLIR2147,0.4,0.5
FLIR2149,0.4,0.7
FLIR2151,0.5,0.7
FLIR2153,0.4,0.4
FLIR2155,0.5,0.7
FLIR2157,0.5,0.7
FLIR2159,0.5,0.5
FLIR2161,0.4,0.5
FLIR2163,0.4,0.5
FLIR2165,0.4,0.7
FLIR2167,0.4,0.4
FLIR2169,0.4,0.4
FLIR2171,0.4,0.4
FLIR2173,0.4,0.4
FLIR2175,0.3,0.5
FLIR2177,0.4,0.8
FLIR2179,0.6,0.7
FLIR2181,0.4,0.9
FLIR2183,0.4,0.7
FLIR2185,0.4,0.7
FLIR2187,0.4,0.7
FLIR2189,0.4,0.5
FLIR2191,0.5,0.4
FLIR2193,0.5,0.7
FLIR2195,0.4,0.6
FLIR2197,0.4,0.5
FLIR2199,0.4,0.5
FLIR2201,0.4,0.7
FLIR2203,0.4,0.6
FLIR2205,0.4,0.4
FLIR2207,0.4,0.6
FLIR2209,0.4,0.5
FLIR2211,0.4,0.7
FLIR2213,0.4,0.7
FLIR2215,0.3,0.5
FLIR2217,0.3,0.7
FLIR2219,0.4,0.7
FLIR2221,0.4,0.7
FLIR2223,0.4,0.5
FLIR2225,0.5,0.6
FLIR2227,0.4,0.7
FLIR2229,0.4,0.5
FLIR2231,0.4,0.4
FLIR2233,0.4,0.5
FLIR2235,0.4,0.7
FLIR2237,0.4,0.4
FLIR2239,0.4,0.5
FLIR2241,0.4,0.5
FLIR2243,0.4,0.7
FLIR2245,0.3,0.6
FLIR2247,0.4,0.5
FLIR2249,0.5,0.6
FLIR2251,0.4,0.4
FLIR2253,0.4,0.5
FLIR2255,0.4,0.4
FLIR2257,0.3,0.4
FLIR2259,0.4,0.4
FLIR2261,0.3,0.7
FLIR2263,0.4,0.5
FLIR2265,0.4,0.5
FLIR2267,0.5,0.4
FLIR2269,0.4,0.4
FLIR2271,0.4,0.7
FLIR2273,0.4,0.4
FLIR2275,0.4,0.4
FLIR2277,0.4,0.6
FLIR2279,0.4,0.4
FLIR2281,0.4,0.6
FLIR2283,0.3,0.4
FLIR2285,0.4,0.4
FLIR2287,0.4,0.4
FLIR2289,0.4,0.6
FLIR2291,0.4,0.9
FLIR2293,0.4,0.7
FLIR2295,0.4,0.7
FLIR2297,0.4,0.7
FLIR2299,0.4,0.6
FLIR2301,0.4,0.4
FLIR2303,0.4,0.5
FLIR2305,0.4,0.4
FLIR2307,0.4,0.5
FLIR2309,0.5,0.7
FLIR2311,0.4,0.7
FLIR2313,0.4,0.6
FLIR2315,0.4,0.8
FLIR2317,0.5,0.6
FLIR2319,0.5,0.6
FLIR2321,0.4,0.6
FLIR2323,0.4,0.5
FLIR2325,0.4,0.7
FLIR2327,0.3,0.4
FLIR2329,0.4,0.4
FLIR2331,0.4,0.7
FLIR2333,0.4,0.7
FLIR2335,0.4,0.6
FLIR2337,0.4,0.5
FLIR2339,0.4,0.4
FLIR2341,0.4,0.7
FLIR2343,0.4,0.7
FLIR2345,0.5,0.5
FLIR2347,0.4,0.5
FLIR2349,0.5,0.7
FLIR2351,0.5,0.7
FLIR2353,0.4,0.6
FLIR2355,0.4,0.6
FLIR2357,0.4,0.7
FLIR2359,0.4,0.7
FLIR2361,0.4,0.7
FLIR2363,0.4,0.6
FLIR2365,0.5,0.7
FLIR2367,0.4,0.7
FLIR2369,0.4,0.5
FLIR2371,0.5,0.7
FLIR2373,0.4,0.6
FLIR2375,0.4,0.4
FLIR2377,0.4,0.5
FLIR2379,0.5,0.7
FLIR2381,0.4,0.4
FLIR2383,0.4,0.7
FLIR2385,0.4,0.7
FLIR2387,0.4,0.5
FLIR2389,0.4,0.7
FLIR2391,0.5,0.4
FLIR2393,0.4,0.6
FLIR2395,0.3,0.7
FLIR2397,0.5,0.6
FLIR2399,0.4,0.6
FLIR2401,0.4,0.5
FLIR2403,0.4,0.5
FLIR2405,0.4,0.5
FLIR2407,0.4,0.5
FLIR2409,0.4,0.4
FLIR2413,0.4,0.6
FLIR2415,0.4,0.7
FLIR2417,0.4,0.7
FLIR2419,0.4,0.7
FLIR2421,0.4,0.6
FLIR2423,0.4,0.5
FLIR2425,0.4,0.7
FLIR2427,0.4,0.7
FLIR2429,0.4,0.4
FLIR2431,0.4,0.5
FLIR2433,0.4,0.4
FLIR2435,0.4,1.0
FLIR2437,0.4,0.4
FLIR2439,0.4,0.6
FLIR2441,0.4,0.7
FLIR2443,0.4,0.6
FLIR2445,0.4,0.4
FLIR2447,0.2,0.4
FLIR2449,0.4,0.4
FLIR2451,0.4,0.5
FLIR2453,0.4,0.6
FLIR2455,0.4,0.8
FLIR2457,0.4,0.4
FLIR2459,0.4,0.6
FLIR2461,0.4,0.6
FLIR2463,0.4,0.5
FLIR2465,0.4,0.7
FLIR2467,0.4,0.4
FLIR2469,0.4,0.7
FLIR2471,0.4,0.5
FLIR2473,0.4,0.4
FLIR2475,0.4,0.6
FLIR2477,0.4,0.5
FLIR2479,0.4,0.7
FLIR2481,0.4,0.7
FLIR2483,0.4,0.7
FLIR2485,0.4,0.7
FLIR2487,0.4,0.7
FLIR2489,0.4,0.7
FLIR2491,0.4,0.4
FLIR2493,0.4,0.5
FLIR2495,0.4,0.4
FLIR2497,0.4,0.7
FLIR2499,0.4,0.7
FLIR2501,0.4,0.4
FLIR2503,0.4,0.7
FLIR2517,0.5,0.7
FLIR2519,0.6,0.4
FLIR2521,0.6,0.5
FLIR2523,0.6,0.7
FLIR2525,0.6,0.7
FLIR2527,0.5,0.8
FLIR2529,0.7,0.7
FLIR2531,0.6,0.8
FLIR2533,0.5,0.9
FLIR2535,0.5,0.7
FLIR2537,0.6,0.9
FLIR2539,0.6,0.6
FLIR2541,0.6,0.7
FLIR2543,0.6,0.7
FLIR2545,0.5,0.5
FLIR2547,0.5,0.7
FLIR2549,0.6,0.7
FLIR2551,0.5,0.7
FLIR2553,0.6,0.7
FLIR2555,0.5,0.7
FLIR2557,0.6,0.4
FLIR2559,0.6,0.6
FLIR2561,0.4,0.7
FLIR2563,0.6,0.7
FLIR2565,0.6,0.6
FLIR2567,0.6,0.7
FLIR2569,0.6,0.7
FLIR2571,0.6,0.8
FLIR2573,0.6,0.8
FLIR2575,0.6,0.7
FLIR2577,0.6,0.7
FLIR2579,0.6,0.7
FLIR2581,0.6,0.7
FLIR2583,0.5,0.7
FLIR2585,0.6,0.7
FLIR2587,0.5,0.7
FLIR2589,0.5,0.7
FLIR2591,0.5,0.5
FLIR2593,0.5,0.6
FLIR2595,0.6,0.7
FLIR2597,0.6,0.7
FLIR2599,0.6,0.7
FLIR2601,0.6,0.7
FLIR2603,0.5,0.7
FLIR2605,0.5,0.9
FLIR2607,0.5,0.7
FLIR2609,0.6,0.6
FLIR2611,0.6,0.7
FLIR2613,0.5,0.7
FLIR2615,0.6,0.7
FLIR2617,0.6,0.6
FLIR2619,0.6,0.7
FLIR2621,0.6,0.7
FLIR2623,0.6,0.9
FLIR2625,0.5,0.7
FLIR2627,0.5,0.7
FLIR2629,0.5,0.7
FLIR2631,0.5,0.7
FLIR2633,0.6,0.6
FLIR2635,0.6,0.6
FLIR2637,0.5,0.7
FLIR2639,0.5,0.7
FLIR2641,0.5,0.5
FLIR2643,0.5,0.7
FLIR2645,0.5,0.7
FLIR2647,0.5,0.4
FLIR2649,0.6,0.7
FLIR2651,0.5,0.6
FLIR2653,0.4,0.4
FLIR2655,0.6,0.7
FLIR2659,0.2,0.4
FLIR2661,0.2,0.4
FLIR2663,0.2,0.4
FLIR2665,0.6,0.7
FLIR2667,0.6,0.7
FLIR2669,0.5,0.5
FLIR2671,0.6,0.7
FLIR2673,0.6,0.7
FLIR2675,0.6,0.7
FLIR2677,0.6,0.7
FLIR2679,0.6,0.6
FLIR2681,0.4,0.6
FLIR2683,0.6,0.9
FLIR2685,0.6,0.7
FLIR2687,0.6,0.7
FLIR2689,0.6,0.7
FLIR2691,0.5,0.7
FLIR2693,0.6,0.7
FLIR2695,0.5,0.6
FLIR2697,0.5,0.7
FLIR2699,0.4,0.5
FLIR2701,0.4,0.6
FLIR2703,0.5,0.6
FLIR2705,0.5,0.7
FLIR2707,0.5,0.7
FLIR2709,0.5,0.7
FLIR2711,0.5,0.5
FLIR2715,0.5,0.7
FLIR2717,0.6,0.7
FLIR2719,0.5,0.7
FLIR2721,0.5,0.7
FLIR2723,0.5,0.6
FLIR2725,0.6,0.6
FLIR2727,0.5,0.6
FLIR2729,0.6,0.4
FLIR2731,0.5,0.7
FLIR2733,0.7,0.4
FLIR2735,0.5,0.4
FLIR2737,0.5,0.5
FLIR2739,0.5,0.7
FLIR2741,0.5,0.7
FLIR2743,0.6,0.7
FLIR2745,0.5,0.7
FLIR2747,0.2,0.4
FLIR2749,0.2,0.3
FLIR2751,0.2,0.3
FLIR2753,0.2,0.3
FLIR2755,0.2,0.3
FLIR2757,0.2,0.3
FLIR2759,0.2,0.4
FLIR2761,0.2,0.4
FLIR2763,0.2,0.3
FLIR2765,0.2,0.4
FLIR2767,0.2,0.3
FLIR2769,0.2,0.3
FLIR2771,0.2,0.3
FLIR2773,0.3,0.4
FLIR2775,0.6,0.6
FLIR2777,0.5,0.6
FLIR2779,0.5,0.5
FLIR2781,0.5,0.5
FLIR2783,0.6,0.6
FLIR2785,0.5,0.7
FLIR2787,0.5,0.6
FLIR2789,0.5,0.7
FLIR2791,0.5,0.6
FLIR2793,0.5,0.8
FLIR2795,0.5,0.8
FLIR2797,0.6,0.5
FLIR2799,0.6,0.7
FLIR2801,0.4,0.9
FLIR2803,0.4,0.8
FLIR2805,0.6,0.8
FLIR2807,0.5,0.7
FLIR2809,0.6,0.7
FLIR2811,0.6,0.8
FLIR2813,0.5,0.7
FLIR2815,0.5,0.7
FLIR2817,0.6,0.5
FLIR2819,0.5,0.7
FLIR2821,0.6,0.7
FLIR2823,0.4,0.5
FLIR2825,0.5,0.7
FLIR2827,0.6,0.8
FLIR2829,0.4,0.7
FLIR2831,0.5,0.5
FLIR2833,0.5,0.5
FLIR2835,0.4,0.7
FLIR2837,0.6,0.8
FLIR2839,0.5,0.7
FLIR2841,0.6,0.6
FLIR2843,0.5,0.7
FLIR2845,0.6,0.6
FLIR2847,0.6,0.8
FLIR2849,0.5,0.4
FLIR2851,0.6,0.4
FLIR2853,0.5,0.6
FLIR2855,0.6,0.7
FLIR2857,0.6,0.5
FLIR2859,0.4,0.6
FLIR2861,0.6,0.7
FLIR2863,0.6,0.7
FLIR2865,0.4,0.4
FLIR2867,0.5,0.7
FLIR2869,0.5,0.8
FLIR2871,0.6,0.6
FLIR2873,0.6,0.7
FLIR2875,0.6,0.7
FLIR2877,0.4,0.5
FLIR2879,0.5,0.8
FLIR2881,0.5,0.6
FLIR2883,0.4,0.5
FLIR2885,0.4,0.7
FLIR2887,0.4,0.7
FLIR2889,0.4,0.7
FLIR2891,0.6,0.4
FLIR2893,0.6,0.9
FLIR2895,0.5,0.6
FLIR2897,0.4,0.5
FLIR2899,0.5,0.6
FLIR2901,0.6,0.4
FLIR2903,0.5,0.6
FLIR2905,0.5,0.7
FLIR2907,0.4,0.4
FLIR2909,0.5,0.4
FLIR2911,0.5,0.4
FLIR2913,0.6,0.7
FLIR2915,0.5,0.7
FLIR2917,0.4,0.7
FLIR2919,0.5,0.7
FLIR2921,0.5,0.7
FLIR2923,0.4,0.5
FLIR2925,0.5,0.4
FLIR2927,0.5,0.7
FLIR2929,0.6,0.7
FLIR2931,0.5,0.6
FLIR2933,0.5,0.6
FLIR2935,0.5,0.7
FLIR2937,0.5,0.7
FLIR2939,0.4,0.6
FLIR2941,0.5,0.5
FLIR2943,0.6,0.7
FLIR2945,0.5,0.7
FLIR2947,0.6,0.7
FLIR2949,0.5,0.7
FLIR2951,0.6,0.7
FLIR2953,0.7,0.6
FLIR2955,0.5,0.4
FLIR2957,0.4,0.7
FLIR2959,0.4,0.5
FLIR2961,0.6,0.3
FLIR2963,0.6,0.4
FLIR2965,0.5,0.4
FLIR2967,0.6,0.7
FLIR2969,0.5,0.4
FLIR2971,0.6,0.6
FLIR2973,0.6,0.4
FLIR2975,0.6,0.4
FLIR2977,0.5,0.5
FLIR2979,0.6,0.6
FLIR2981,0.4,0.5
FLIR2983,0.4,0.8
FLIR2985,0.5,0.7
FLIR2987,0.5,0.7
FLIR2989,0.5,0.7
FLIR2991,0.6,0.8
FLIR2993,0.4,0.7
FLIR2995,0.5,0.7
FLIR2997,0.6,0.7
FLIR2999,0.5,0.4
FLIR3001,0.5,0.7
FLIR3003,0.6,0.3
FLIR3005,0.4,0.5
FLIR3007,0.5,0.5
FLIR3009,0.6,0.5
FLIR3011,0.5,0.4
FLIR3013,0.5,0.5
FLIR3015,0.4,0.4
FLIR3017,0.5,0.7
FLIR3019,0.4,0.6
FLIR3021,0.4,0.5
FLIR3023,0.6,0.4
FLIR3025,0.4,0.4
FLIR3027,0.4,0.4
FLIR3029,0.4,0.6
FLIR3031,0.4,0.6
FLIR3033,0.6,0.6
FLIR3035,0.5,0.5
FLIR3037,0.5,0.6
FLIR3039,0.5,0.7
FLIR3041,0.6,0.7
FLIR3043,0.5,0.7
FLIR3045,0.4,0.6
FLIR3047,0.5,0.7
FLIR3049,0.6,0.4
FLIR3051,0.4,0.6
FLIR3053,0.5,0.7
FLIR3055,0.5,0.7
FLIR3057,0.5,0.6
FLIR3059,0.6,0.6
FLIR3061,0.5,0.7
FLIR3063,0.4,0.6
FLIR3065,0.4,0.5
FLIR3067,0.5,0.7
FLIR3069,0.6,0.6
FLIR3071,0.4,0.7
FLIR3073,0.6,0.7
FLIR3075,0.5,0.6
FLIR3077,0.6,0.5
FLIR3079,0.6,0.6
FLIR3081,0.6,0.7
FLIR3083,0.5,0.5
FLIR3085,0.5,0.5
FLIR3087,0.5,0.6
FLIR3089,0.4,0.5
FLIR3091,0.5,0.6
FLIR3093,0.5,0.7
FLIR3095,0.4,0.7
FLIR3097,0.4,0.8
FLIR3099,0.5,0.5
FLIR3101,0.5,0.7
FLIR3103,0.4,0.7
FLIR3105,0.5,0.4
FLIR3107,0.5,0.6
FLIR3109,0.6,0.4
FLIR3111,0.5,0.7
FLIR3113,0.5,0.7
FLIR3115,0.4,0.7
FLIR3117,0.6,0.6
FLIR3119,0.3,0.4
FLIR3121,0.4,0.5
FLIR3123,0.4,0.7
FLIR3125,0.5,0.4
FLIR3127,0.5,0.7
FLIR3129,0.6,0.7
FLIR3131,0.6,0.7
FLIR3133,0.5,0.7
FLIR3135,0.6,0.5
FLIR3137,0.4,0.5
FLIR3139,0.4,0.4
FLIR3141,0.4,0.7
FLIR3143,0.4,0.4
FLIR3145,0.4,0.9
FLIR3147,0.7,0.6
FLIR3149,0.5,0.7
FLIR3151,0.6,0.7
FLIR3153,0.5,0.4
FLIR3155,0.5,0.7
FLIR3157,0.5,0.8
FLIR3159,0.4,0.7
FLIR3161,0.5,0.4
FLIR3163,0.5,0.6
FLIR3165,0.5,0.6
FLIR3167,0.5,0.4
FLIR3169,0.2,0.5
FLIR3171,0.6,0.5
FLIR3173,0.6,0.5
FLIR3175,0.4,0.5
FLIR3177,0.4,0.4
FLIR3179,0.5,0.7
FLIR3181,0.4,0.6
FLIR3183,0.6,0.7
FLIR3185,0.4,0.7
FLIR3187,0.4,0.7
FLIR3189,0.5,0.5
FLIR3191,0.5,0.5
FLIR3193,0.4,0.7
FLIR3195,0.6,0.7
FLIR3197,0.5,0.7
FLIR3199,0.4,0.6
FLIR3201,0.5,0.7
FLIR3203,0.6,0.6
FLIR3205,0.5,0.7
FLIR3207,0.4,0.5
FLIR3209,0.4,0.4
FLIR3211,0.4,0.4
FLIR3213,0.4,0.5
FLIR3215,0.5,0.7
FLIR3217,0.4,0.7
FLIR3219,0.4,0.7
FLIR3221,0.4,0.7
FLIR3223,0.5,0.5
FLIR3225,0.5,0.7
FLIR3227,0.4,0.9
FLIR3229,0.5,0.6
FLIR3231,0.4,0.7
FLIR3233,0.4,0.7
FLIR3235,0.6,0.7
FLIR3237,0.5,0.5
FLIR3239,0.5,0.5
FLIR3241,0.4,0.7
FLIR3243,0.5,0.9
FLIR3245,0.4,0.4
FLIR3247,0.6,0.7
FLIR3249,0.4,0.7
FLIR3251,0.4,0.6
FLIR3253,0.5,0.6
FLIR3255,0.5,0.6
FLIR3257,0.4,0.4
FLIR3259,0.5,0.6
FLIR3261,0.4,0.7
FLIR3263,0.5,0.6
FLIR3265,0.4,0.4
FLIR3267,0.4,0.4
FLIR3269,0.4,0.4
FLIR3271,0.5,0.4
FLIR3273,0.5,0.4
FLIR3275,0.4,0.4
FLIR3277,0.5,0.7
FLIR3279,0.5,0.4
FLIR3281,0.6,0.6
FLIR3283,0.4,0.5
FLIR3285,0.4,0.7
FLIR3287,0.5,0.4
FLIR3289,0.4,0.6
FLIR3291,0.5,0.7
FLIR3293,0.5,0.5
FLIR3295,0.5,0.6
FLIR3297,0.5,0.4
FLIR3299,0.4,0.4
FLIR3301,0.4,0.4
FLIR3303,0.4,0.8
FLIR3305,0.5,0.6
FLIR3307,0.5,0.7
FLIR3309,0.5,0.7
FLIR3311,0.5,0.7
FLIR3313,0.5,0.4
FLIR3315,0.5,0.4
FLIR3317,0.4,0.7
FLIR3319,0.5,0.7
FLIR3321,0.5,0.4
FLIR3323,0.6,0.7
FLIR3325,0.5,0.7
FLIR3327,0.6,0.7
FLIR3329,0.5,0.6
FLIR3331,0.5,0.4
FLIR3333,0.4,0.6
FLIR3335,0.6,0.4
FLIR3337,0.5,0.4
FLIR3339,0.4,0.4
FLIR3341,0.5,0.5
FLIR3343,0.5,0.7
FLIR3345,0.5,0.4
FLIR3347,0.4,0.5
FLIR3349,0.6,0.7
FLIR3351,0.5,0.4
FLIR3353,0.5,0.7
FLIR3355,0.4,0.6
FLIR3357,0.5,0.7
FLIR3359,0.4,0.6
FLIR3361,0.5,0.6
FLIR3363,0.6,0.4
FLIR3365,0.6,0.6
FLIR3367,0.6,0.7
FLIR3369,0.6,0.4
FLIR3371,0.5,0.5
FLIR3373,0.5,0.4
FLIR3375,0.5,0.5
FLIR3377,0.6,0.7
FLIR3379,0.5,0.7
FLIR3381,0.6,0.9
FLIR3383,0.6,0.6
FLIR3385,0.5,0.5
FLIR3387,0.6,0.6
FLIR3389,0.5,0.5
FLIR3391,0.6,0.6
FLIR3393,0.6,0.6
FLIR3395,0.4,0.5
FLIR3397,0.6,0.4
FLIR3399,0.4,0.5
FLIR3401,0.5,0.4
FLIR3403,0.4,0.7
FLIR3405,0.6,0.4
FLIR3407,0.6,0.6
FLIR3409,0.5,0.7
FLIR3411,0.3,0.6
FLIR3413,0.5,0.7
FLIR3415,0.4,0.4
FLIR3417,0.5,0.7
FLIR3419,0.6,0.9
FLIR3421,0.5,0.6
FLIR3423,0.5,0.5
FLIR3425,0.6,0.6
FLIR3427,0.5,0.6
FLIR3429,0.6,0.5
FLIR3431,0.6,0.7
FLIR3433,0.5,0.4
FLIR3435,0.6,0.6
FLIR3437,0.5,0.7
FLIR3439,0.6,0.7
FLIR3441,0.6,0.7
FLIR3443,0.6,0.7
FLIR3445,0.5,0.7
FLIR3447,0.5,0.5
FLIR3449,0.6,0.5
FLIR3451,0.6,0.5
FLIR3453,0.6,0.7
FLIR3455,0.5,0.4
FLIR3457,0.6,0.6
FLIR3459,0.6,0.8
FLIR3461,0.6,0.7
FLIR3463,0.5,0.5
FLIR3465,0.5,0.6
FLIR3467,0.5,0.6
FLIR3469,0.5,0.7
FLIR3471,0.6,0.7
FLIR3473,0.5,0.4
FLIR3475,0.6,0.6
FLIR3477,0.5,0.5
FLIR3479,0.5,0.4
FLIR3481,0.5,0.6
FLIR3483,0.5,0.5
FLIR3485,0.5,0.7
FLIR3487,0.5,0.5
FLIR3489,0.5,0.7
FLIR3491,0.5,0.7
FLIR3493,0.5,0.7
FLIR3495,0.5,0.5
FLIR3497,0.5,0.5
FLIR3499,0.6,0.4
FLIR3501,0.6,0.7
FLIR3503,0.5,0.7
FLIR3505,0.5,0.5
FLIR3507,0.5,0.7
FLIR3509,0.6,0.5
FLIR3511,0.6,0.6
FLIR3513,0.6,0.5
FLIR3515,0.6,0.5
FLIR3517,0.5,0.7
FLIR3519,0.4,0.4
FLIR3521,0.6,0.7
FLIR3523,0.5,0.7
FLIR3525,0.5,0.7
FLIR3527,0.5,0.6
FLIR3529,0.4,0.7
FLIR3531,0.5,0.6
FLIR3533,0.5,0.4
FLIR3535,0.5,0.6
FLIR3537,0.5,0.4
FLIR3539,0.5,0.7
FLIR3541,0.5,0.7
FLIR3543,0.5,0.5
FLIR3545,0.5,0.7
FLIR3547,0.5,0.7
FLIR3549,0.5,0.5
FLIR3551,0.6,0.7
FLIR3553,0.6,0.7
FLIR3555,0.6,0.7
FLIR3557,0.6,0.4
FLIR3559,0.6,0.5
FLIR3561,0.6,0.4
FLIR3563,0.6,0.7
FLIR3565,0.5,0.4
FLIR3567,0.6,0.5
FLIR3569,0.5,0.4
FLIR3571,0.5,0.4
FLIR3573,0.5,0.7
FLIR3575,0.5,0.7
FLIR3577,0.6,0.7
FLIR3579,0.5,0.7
FLIR3581,0.6,0.5
FLIR3583,0.6,0.4
FLIR3585,0.5,0.6
FLIR3587,0.5,0.6
FLIR3589,0.5,0.7
FLIR3591,0.5,0.6
FLIR3593,0.6,0.7
FLIR3595,0.5,0.7
FLIR3597,0.6,0.9
FLIR3599,0.5,0.7
FLIR3601,0.4,0.7
FLIR3603,0.5,0.7
FLIR3605,0.5,0.7
FLIR3607,0.5,0.8
FLIR3609,0.5,0.8
FLIR3611,0.4,0.7
FLIR3613,0.5,0.7
FLIR3615,0.5,0.7
FLIR3617,0.5,0.7
FLIR3619,0.5,0.7
FLIR3621,0.6,0.7
FLIR3623,0.4,0.7
FLIR3625,0.6,0.7
FLIR3627,0.5,0.6
FLIR3629,0.5,0.6
FLIR3631,0.5,0.7
FLIR3633,0.4,0.6
FLIR3635,0.4,0.9
FLIR3637,0.5,0.7
FLIR3639,0.5,0.8
FLIR3641,0.4,0.7
FLIR3643,0.4,0.7
FLIR3645,0.5,0.7
FLIR3647,0.5,0.9
FLIR3649,0.5,0.8
FLIR3651,0.6,0.8
FLIR3653,0.5,0.7
FLIR3655,0.5,0.4
FLIR3657,0.5,0.5
FLIR3659,0.5,0.6
FLIR3661,0.6,0.7
FLIR3663,0.6,0.6
FLIR3665,0.5,0.4
FLIR3667,0.6,0.7
FLIR3669,0.6,0.7
FLIR3671,0.5,0.7
FLIR3673,0.5,0.6
FLIR3675,0.5,0.4
FLIR3677,0.5,0.7
FLIR3679,0.6,0.7
FLIR3681,0.6,0.7
FLIR3683,0.6,0.6
FLIR3685,0.5,0.6
FLIR3687,0.6,0.6
FLIR3689,0.5,0.5
FLIR3691,0.6,0.7
FLIR3693,0.5,0.7
FLIR3695,0.5,0.7
FLIR3697,0.4,0.4
FLIR3699,0.6,0.7
FLIR3701,0.6,0.7
FLIR3703,0.5,0.7
FLIR3705,0.5,0.8
FLIR3707,0.4,0.7
FLIR3709,0.6,0.7
FLIR3711,0.5,0.7
FLIR3713,0.3,0.4
FLIR3715,0.6,0.7
FLIR3717,0.5,0.7
FLIR3719,0.5,0.7
FLIR3721,0.5,0.7
FLIR3723,0.4,0.8
FLIR3725,0.5,0.7
FLIR3727,0.5,0.9
FLIR3729,0.4,0.6
FLIR3731,0.5,0.8
FLIR3733,0.4,0.5
FLIR3735,0.4,0.7
FLIR3737,0.4,0.7
FLIR3739,0.5,0.7
FLIR3741,0.5,0.8
FLIR3743,0.5,0.7
FLIR3745,0.4,0.9
FLIR3747,0.5,0.9
FLIR3749,0.5,0.8
FLIR3751,0.5,0.7
FLIR3753,0.4,0.7
FLIR3755,0.5,0.6
FLIR3757,0.6,0.7
FLIR3759,0.5,0.7
FLIR3761,0.6,0.7
FLIR3763,0.4,0.7
FLIR3765,0.5,0.9
FLIR3767,0.5,0.7
FLIR3769,0.5,0.7
FLIR3771,0.4,0.5
FLIR3773,0.5,0.6
FLIR3775,0.4,0.6
FLIR3777,0.5,0.4
FLIR3779,0.5,0.4
FLIR3781,0.4,0.4
FLIR3783,0.5,0.4
FLIR3785,0.4,0.6
FLIR3787,0.4,0.4
FLIR3789,0.5,0.4
FLIR3791,0.5,0.4
FLIR3793,0.4,0.6
FLIR3795,0.5,0.6
FLIR3797,0.5,0.7
FLIR3799,0.4,0.4
FLIR3801,0.4,0.7
FLIR3803,0.4,0.6
FLIR3805,0.5,0.7
FLIR3807,0.5,0.7
FLIR3809,0.5,0.7
FLIR3811,0.4,0.6
FLIR3813,0.5,0.5
FLIR3815,0.5,0.8
FLIR3817,0.4,0.7
FLIR3819,0.5,0.9
FLIR3821,0.4,0.6
FLIR3823,0.5,0.7
FLIR3825,0.5,0.5
FLIR3827,0.4,0.4
FLIR3829,0.5,0.7
FLIR3831,0.5,0.5
FLIR3833,0.4,0.7
FLIR3835,0.5,0.6
FLIR3837,0.4,0.8
FLIR3839,0.5,0.6
FLIR3841,0.4,0.9
FLIR3843,0.5,0.9
FLIR3845,0.4,0.8
FLIR3847,0.4,0.8
FLIR3849,0.5,0.7
FLIR3851,0.5,0.7
FLIR3853,0.6,0.7
FLIR3855,0.5,0.7
FLIR3857,0.5,0.4
FLIR3859,0.5,0.4
FLIR3861,0.5,0.7
FLIR3863,0.4,0.6
FLIR3865,0.5,0.6
FLIR3867,0.4,0.7
FLIR3869,0.4,0.5
FLIR3871,0.4,0.7
FLIR3873,0.4,0.6
FLIR3875,0.4,0.6
FLIR3877,0.5,0.7
FLIR3879,0.4,0.7
FLIR3881,0.4,0.9
FLIR3883,0.4,0.7
FLIR3885,0.4,0.7
FLIR3887,0.4,0.6
FLIR3889,0.4,0.6
FLIR3891,0.4,0.7
FLIR3893,0.4,0.6
FLIR3895,0.5,0.5
FLIR3897,0.4,0.4
FLIR3899,0.4,0.7
FLIR3901,0.4,0.7
FLIR3903,0.4,0.7
FLIR3905,0.4,0.7
FLIR3907,0.4,0.7
FLIR3909,0.4,0.7
FLIR3911,0.4,0.6
FLIR3913,0.4,0.7
FLIR3915,0.4,0.7
FLIR3917,0.4,0.6
FLIR3919,0.2,0.3
FLIR3921,0.2,0.3
FLIR3923,0.2,0.3
FLIR3925,0.2,0.3
FLIR3927,0.2,0.4
FLIR3929,0.2,0.3
FLIR3931,0.2,0.4
FLIR3933,0.2,0.4
FLIR3935,0.2,0.4
FLIR3937,0.2,0.5
FLIR3939,0.2,0.3
FLIR3941,0.2,0.4
FLIR3943,0.2,0.3
FLIR3945,0.2,0.4
FLIR3947,0.2,0.4
FLIR3949,0.2,0.4
FLIR3951,0.2,0.4
FLIR3953,0.2,0.3
FLIR3955,0.2,0.3
FLIR3957,0.2,0.4
FLIR3959,0.2,0.4
FLIR3961,0.2,0.3
FLIR3963,0.2,0.4
FLIR3965,0.1,0.4
FLIR3967,0.1,0.3
FLIR3969,0.2,0.3
FLIR3971,0.2,0.4
FLIR3973,0.2,0.4
FLIR3977,0.2,0.3
FLIR3979,0.2,0.3
FLIR3981,0.4,0.4
FLIR3983,0.3,0.4
FLIR3985,0.2,0.4
FLIR3987,0.2,0.4
FLIR3989,0.2,0.4
FLIR3991,0.2,0.4
FLIR3993,0.2,0.3
FLIR3995,0.2,0.3
FLIR3997,0.2,0.3
FLIR3999,0.3,0.3
FLIR4001,0.2,0.3
FLIR4003,0.2,0.4
FLIR4005,0.2,0.4
FLIR4007,0.2,0.4
FLIR4009,0.2,0.4
FLIR4011,0.3,0.4
FLIR4013,0.2,0.5
FLIR4015,0.2,0.4
FLIR4017,0.3,0.4
FLIR4019,0.2,0.3
FLIR4021,0.2,0.4
FLIR4023,0.2,0.4
FLIR4025,0.2,0.4
FLIR4027,0.2,0.3
FLIR4029,0.2,0.2
FLIR4031,0.2,0.3
FLIR4033,0.2,0.4
FLIR4035,0.2,0.4
FLIR4037,0.2,0.4
FLIR4039,0.2,0.5
FLIR4041,0.2,0.4
FLIR4043,0.2,0.3
FLIR4045,0.2,0.3
FLIR4047,0.2,0.3
FLIR4049,0.2,0.4
FLIR4051,0.2,0.4
FLIR4053,0.2,0.3
FLIR4055,0.2,0.4
FLIR4057,0.2,0.3
FLIR4059,0.1,0.4
FLIR4061,0.2,0.3
FLIR4063,0.2,0.4
FLIR4065,0.2,0.4
FLIR4067,0.2,0.4
FLIR4069,0.2,0.4
FLIR4071,0.2,0.4
FLIR4073,0.2,0.3
FLIR4075,0.2,0.4
FLIR4077,0.2,0.4
FLIR4079,0.2,0.4
FLIR4081,0.2,0.4
FLIR4083,0.2,0.5
FLIR4085,0.3,0.4
FLIR4087,0.3,0.4
FLIR4089,0.2,0.4
FLIR4091,0.3,0.4
FLIR4093,0.2,0.4
FLIR4095,0.3,0.5
FLIR4097,0.3,0.7
FLIR4099,0.3,0.4
FLIR4101,0.2,0.7
FLIR4103,0.2,0.5
FLIR4105,0.2,0.5
FLIR4107,0.3,0.5
FLIR4109,0.2,0.4
FLIR4111,0.2,0.5
FLIR4113,0.2,0.4
FLIR4115,0.4,0.5
FLIR4117,0.4,0.4
FLIR4119,0.6,0.4
FLIR4121,0.5,0.7
FLIR4123,0.6,0.5
FLIR4125,0.5,0.7
FLIR4127,0.6,0.7
FLIR4129,0.4,0.7
FLIR4131,0.5,0.6
FLIR4133,0.4,0.5
FLIR4135,0.5,0.9
FLIR4137,0.5,0.6
FLIR4139,0.6,0.7
FLIR4141,0.5,0.4
FLIR4143,0.5,0.5
FLIR4145,0.5,0.4
FLIR4147,0.6,0.4
FLIR4149,0.6,0.6
FLIR4151,0.6,0.7
FLIR4153,0.5,0.7
FLIR4155,0.6,0.7
FLIR4157,0.6,0.6
FLIR4159,0.6,0.6
FLIR4161,0.5,0.9
FLIR4163,0.6,0.7
FLIR4165,0.6,0.4
FLIR4167,0.6,0.8
FLIR4169,0.5,0.7
FLIR4171,0.6,0.6
FLIR4173,0.6,0.5
FLIR4175,0.6,0.7
FLIR4177,0.5,0.5
FLIR4179,0.4,0.4
FLIR4181,0.5,0.4
FLIR4183,0.5,0.5
FLIR4185,0.6,0.7
FLIR4187,0.5,0.7
FLIR4189,0.5,0.4
FLIR4191,0.4,0.5
FLIR4193,0.5,0.6
FLIR4195,0.5,0.7
FLIR4197,0.6,0.7
FLIR4199,0.5,0.4
FLIR4201,0.6,0.5
FLIR4203,0.6,0.4
FLIR4205,0.5,0.7
FLIR4207,0.6,0.4
FLIR4209,0.4,0.6
FLIR4211,0.5,0.4
FLIR4213,0.5,0.6
FLIR4215,0.4,0.6
FLIR4217,0.5,0.4
FLIR4219,0.4,0.4
FLIR4221,0.4,0.5
FLIR4223,0.4,0.7
FLIR4225,0.4,0.4
FLIR4227,0.5,0.6
FLIR4229,0.6,0.7
FLIR4231,0.3,0.4
FLIR4233,0.5,0.7
FLIR4235,0.4,0.7
FLIR4237,0.4,0.4
FLIR4239,0.5,0.9
FLIR4241,0.6,0.7
FLIR4243,0.5,0.5
FLIR4245,0.6,0.7
FLIR4247,0.6,0.7
FLIR4249,0.5,0.7
FLIR4251,0.6,0.7
FLIR4253,0.5,0.9
FLIR4255,0.6,0.4
FLIR4257,0.5,0.7
FLIR4259,0.5,0.7
FLIR4261,0.5,0.8
FLIR4263,0.4,0.4
FLIR4265,0.5,0.9
FLIR4267,0.5,0.7
FLIR4269,0.7,0.4
FLIR4271,0.6,0.5
FLIR4273,0.5,0.4
FLIR4275,0.6,0.4
FLIR4277,0.5,0.5
FLIR4279,0.6,0.7
FLIR4281,0.6,0.7
FLIR4283,0.6,0.6
FLIR4285,0.6,0.5
FLIR4287,0.7,0.4
FLIR4291,0.6,0.7
FLIR4293,0.5,0.7
FLIR4295,0.5,0.7
FLIR4297,0.6,0.4
FLIR4299,0.6,0.8
FLIR4301,0.4,0.4
FLIR4303,0.5,0.7
FLIR4305,0.5,0.7
FLIR4307,0.5,0.4
FLIR4309,0.6,0.7
FLIR4311,0.6,0.5
FLIR4313,0.6,0.8
FLIR4315,0.6,0.7
FLIR4317,0.4,0.7
FLIR4319,0.4,0.7
FLIR4321,0.6,0.6
FLIR4323,0.6,0.5
FLIR4327,0.5,0.4
FLIR4329,0.6,0.4
FLIR4331,0.4,0.7
FLIR4333,0.5,0.7
FLIR4335,0.5,0.4
FLIR4337,0.6,0.7
FLIR4339,0.5,0.7
FLIR4341,0.6,0.8
FLIR4343,0.5,0.7
FLIR4345,0.5,0.6
FLIR4347,0.4,0.7
FLIR4349,0.5,0.6
FLIR4351,0.4,0.4
FLIR4353,0.5,0.7
FLIR4355,0.6,0.6
FLIR4357,0.6,0.5
FLIR4359,0.5,0.7
FLIR4361,0.5,0.7
FLIR4363,0.5,0.4
FLIR4365,0.3,0.6
FLIR4367,0.6,0.4
FLIR4369,0.5,0.5
FLIR4371,0.6,0.6
FLIR4373,0.5,0.4
FLIR4375,0.5,0.7
FLIR4377,0.4,0.4
FLIR4379,0.5,0.7
FLIR4381,0.4,0.6
FLIR4383,0.6,0.5
FLIR4385,0.5,0.5
FLIR4387,0.6,0.6
FLIR4389,0.6,0.9
FLIR4391,0.5,0.7
FLIR4393,0.6,0.7
FLIR4395,0.6,0.6
FLIR4397,0.5,0.6
FLIR4399,0.6,0.7
FLIR4401,0.6,0.4
FLIR4403,0.6,0.7
FLIR4405,0.6,0.4
FLIR4407,0.6,0.6
FLIR4409,0.6,0.7
FLIR4411,0.6,0.7
FLIR4413,0.6,0.7
FLIR4415,0.6,0.7
FLIR4417,0.6,0.5
FLIR4419,0.4,0.7
FLIR4421,0.4,0.7
FLIR4423,0.6,0.6
FLIR4425,0.5,0.4
FLIR4427,0.7,0.7
FLIR4429,0.5,0.5
FLIR4431,0.5,0.5
FLIR4433,0.6,0.4
FLIR4435,0.6,0.8
FLIR4437,0.6,0.7
FLIR4439,0.4,0.7
FLIR4441,0.5,0.6
FLIR4443,0.6,0.7
FLIR4445,0.6,0.4
FLIR4447,0.4,0.7
FLIR4449,0.5,0.4
FLIR4451,0.7,0.6
FLIR4453,0.4,0.7
IMG_8012,0.6,0.7
IMG_8013,0.6,0.8
IMG_8014,0.7,0.7
IMG_8015,0.7,0.7
IMG_8016,0.6,0.8
IMG_8017,0.6,0.5
IMG_8018,0.6,0.4
IMG_8019,0.5,0.4
IMG_8020,0.6,0.9
IMG_8021,0.5,0.6
IMG_8022,0.6,0.6
IMG_8023,0.7,0.7
IMG_8024,0.6,0.7
IMG_8025,0.7,0.7
IMG_8026,0.7,0.7
IMG_8027,0.6,0.6
IMG_8031,0.6,0.6
IMG_8032,0.6,0.4
IMG_8033,0.4,0.4
IMG_8034,0.7,0.4
IMG_8035,0.6,0.7
IMG_8036,0.6,0.7
IMG_8037,0.5,0.7
IMG_8038,0.6,0.7
IMG_8039,0.7,0.6
IMG_8040,0.5,0.7
IMG_8041,0.6,0.5
IMG_8042,0.6,0.5
IMG_8043,0.5,0.4
IMG_8044,0.4,0.4
IMG_8045,0.5,0.7
IMG_8046,0.4,0.4
IMG_8047,0.6,0.4
IMG_8048,0.4,0.4
IMG_8049,0.4,0.6
IMG_8050,0.6,0.7
IMG_8051,0.6,0.7
IMG_8052,0.5,0.6
IMG_8053,0.6,0.7
IMG_8055,0.7,0.7
IMG_8056,0.5,0.8
IMG_8057,0.7,0.8
IMG_8058,0.6,0.6
IMG_8059,0.7,0.5
IMG_8060,0.6,0.5
IMG_8061,0.6,0.5
IMG_8062,0.6,0.7
IMG_8063,0.6,0.7
IMG_8064,0.5,0.5
IMG_8065,0.5,0.8
IMG_8066,0.6,0.6
IMG_8067,0.6,0.5
IMG_8068,0.7,0.6
IMG_8069,0.5,0.7
IMG_8070,0.5,0.6
IMG_8071,0.6,0.7
IMG_8072,0.6,0.9
IMG_8073,0.5,0.6
IMG_8074,0.4,0.7
IMG_8075,0.5,0.4
IMG_8076,0.5,0.7
IMG_8077,0.6,0.7
IMG_8078,0.6,0.4
IMG_8079,0.6,0.6
IMG_8080,0.5,0.8
IMG_8081,0.6,0.4
IMG_8082,0.5,0.4
IMG_8083,0.6,0.6
IMG_8084,0.7,0.5
IMG_8085,0.5,0.5
IMG_8086,0.5,0.7
IMG_8087,0.6,0.5
IMG_8088,0.5,0.5
IMG_8089,0.5,0.4
IMG_8090,0.6,0.7
IMG_8091,0.6,0.7
IMG_8092,0.6,0.4
IMG_8093,0.5,0.4
IMG_8094,0.4,0.6
IMG_8095,0.4,0.4
IMG_8096,0.5,0.5
IMG_8097,0.5,0.4
IMG_8098,0.4,0.7
IMG_8099,0.6,0.6
IMG_8100,0.6,0.9
IMG_8101,0.5,0.8
IMG_8102,0.4,0.7
IMG_8103,0.4,0.5
IMG_8104,0.4,0.7
IMG_8105,0.4,0.7
IMG_8106,0.5,0.5
IMG_8107,0.5,0.4
IMG_8108,0.5,0.4
IMG_8109,0.6,0.4
IMG_8110,0.4,0.4
IMG_8111,0.4,0.7
IMG_8112,0.6,0.6
IMG_8113,0.6,0.7
IMG_8114,0.5,0.4
IMG_8115,0.6,0.4
IMG_8116,0.6,0.6
IMG_8117,0.5,0.4
IMG_8118,0.4,0.4
IMG_8119,0.3,0.4
IMG_8120,0.7,0.7
IMG_8121,0.6,0.7
IMG_8122,0.6,0.6
IMG_8123,0.6,0.7
IMG_8124,0.6,0.7
IMG_8125,0.5,0.4
IMG_8126,0.5,0.7
IMG_8127,0.4,0.6
IMG_8128,0.6,0.4
IMG_8129,0.6,0.4
IMG_8130,0.6,0.7
IMG_8131,0.4,0.4
IMG_8132,0.4,0.6
IMG_8133,0.5,0.7
IMG_8134,0.5,0.6
IMG_8135,0.5,0.7
IMG_8136,0.4,0.7
IMG_8137,0.5,0.4
IMG_8138,0.4,0.7
IMG_8139,0.4,0.7
IMG_8140,0.4,0.5
IMG_8141,0.4,0.4
IMG_8144,0.6,0.8
IMG_8145,0.6,0.6
IMG_8146,0.4,0.7
IMG_8147,0.5,0.6
IMG_8149,0.5,0.6
IMG_8150,0.5,0.7
IMG_8151,0.5,0.6
IMG_8152,0.5,0.6
IMG_8153,0.5,0.4
IMG_8154,0.6,0.4
IMG_8156,0.4,0.4
IMG_8157,0.5,0.8
IMG_8158,0.5,0.4
IMG_8159,0.5,0.5
IMG_8160,0.4,0.4
IMG_8161,0.5,0.4
IMG_8162,0.4,0.4
IMG_8163,0.4,0.8
IMG_8164,0.4,0.4
IMG_8165,0.5,0.7
IMG_8166,0.6,0.7
IMG_8167,0.5,0.6
IMG_8168,0.5,0.8
IMG_8169,0.6,0.7
IMG_8170,0.6,0.7
IMG_8171,0.5,0.7
IMG_8172,0.6,0.7
IMG_8173,0.4,0.8
IMG_8174,0.6,0.6
IMG_8175,0.6,0.6
IMG_8176,0.6,0.7
IMG_8177,0.5,0.7
IMG_8178,0.6,0.8
IMG_8179,0.4,0.9
IMG_8180,0.5,0.7
IMG_8181,0.4,0.7
IMG_8182,0.4,0.7
IMG_8183,0.4,0.7
IMG_8184,0.4,0.7
IMG_8185,0.6,0.7
IMG_8186,0.4,0.7
IMG_8187,0.5,0.6
IMG_8188,0.6,0.8
IMG_8189,0.7,0.4
IMG_8190,0.5,0.5
IMG_8191,0.6,0.6
IMG_8192,0.7,0.6
IMG_8193,0.5,0.7
IMG_8194,0.6,0.6
IMG_8195,0.6,0.5
IMG_8196,0.5,0.4
IMG_8197,0.5,0.7
IMG_8198,0.5,0.4
IMG_8199,0.5,0.5
IMG_8200,0.4,0.6
IMG_8201,0.5,0.8
IMG_8202,0.3,0.5
IMG_8203,0.4,0.7
IMG_8204,0.3,0.3
IMG_8205,0.6,0.7
IMG_8206,0.6,0.6
IMG_8207,0.6,0.7
IMG_8208,0.6,0.7
IMG_8209,0.7,0.7
IMG_8210,0.6,0.5
IMG_8211,0.4,0.9
IMG_8212,0.5,0.4
IMG_8213,0.5,0.7
IMG_8214,0.4,0.4
IMG_8215,0.5,0.7
IMG_8216,0.4,0.5
IMG_8217,0.5,0.7
IMG_8218,0.4,0.4
IMG_8219,0.5,0.6
IMG_8221,0.4,0.4
IMG_8224,0.6,0.9
IMG_8225,0.5,0.7
IMG_8226,0.6,0.5
IMG_8227,0.6,0.6
IMG_8228,0.4,0.7
IMG_8229,0.6,0.6
IMG_8231,0.5,0.9
IMG_8232,0.5,0.7
IMG_8233,0.5,0.5
IMG_8234,0.4,0.4
IMG_8235,0.6,0.8
IMG_8236,0.5,0.7
IMG_8237,0.4,0.6
IMG_8238,0.4,0.6
IMG_8240,0.4,0.7
IMG_8241,0.4,0.7
IMG_8242,0.4,0.4
IMG_8243,0.4,0.6
IMG_8244,0.4,0.5
IMG_8245,0.5,0.7
IMG_8246,0.5,0.4
IMG_8247,0.6,0.4
IMG_8248,0.5,0.6
IMG_8249,0.5,0.7
IMG_8250,0.6,0.5
IMG_8251,0.6,0.7
IMG_8252,0.6,0.7
IMG_8253,0.4,0.6
IMG_8254,0.5,0.4
IMG_8255,0.6,0.6
IMG_8256,0.7,0.6
IMG_8257,0.5,0.4
IMG_8258,0.5,0.7
IMG_8259,0.4,0.8
IMG_8260,0.7,0.7
IMG_8261,0.7,0.4
IMG_8262,0.6,0.5
IMG_8263,0.7,0.4
IMG_8264,0.5,0.4
IMG_8265,0.6,0.8
IMG_8266,0.6,0.7
IMG_8267,0.6,0.6
IMG_8268,0.4,0.7
IMG_8269,0.6,0.6
IMG_8270,0.5,0.9
IMG_8271,0.7,0.7
IMG_8272,0.5,0.5
IMG_8273,0.5,0.6
IMG_8274,0.6,0.7
IMG_8275,0.6,0.8
IMG_8276,0.7,0.7
IMG_8277,0.6,0.6
IMG_8278,0.6,0.7
IMG_8279,0.4,0.7
IMG_8280,0.4,0.7
IMG_8284,0.6,0.7
IMG_8285,0.6,0.6
IMG_8286,0.6,0.7
IMG_8287,0.5,0.4
IMG_8288,0.6,0.5
IMG_8289,0.6,0.7
IMG_8290,0.6,0.5
IMG_8291,0.6,0.4
IMG_8292,0.5,0.6
IMG_8295,0.5,0.5
IMG_8297,0.5,0.7
IMG_8298,0.6,0.7
IMG_8300,0.5,0.4
IMG_8302,0.4,0.4
IMG_8303,0.6,0.6
IMG_8307,0.5,0.4
IMG_8308,0.6,0.8
IMG_8309,0.5,0.4
IMG_8310,0.6,0.6
IMG_8315,0.6,0.5
IMG_8318,0.4,0.5
IMG_8321,0.4,0.7
IMG_8327,0.6,0.4
IMG_8328,0.4,0.4
IMG_8329,0.4,0.4
IMG_8333,0.5,0.7
IMG_8334,0.5,0.7
IMG_8335,0.6,0.7
